master_user_id,segment,user_pseudo_id,ga_client_id,user_id_ui,backend_user_id,has_meta,has_google,has_direct_or_unknown,lead,sale,clean_backend_stitch
U0001,meta_only,2962491159.1775718152,GA1.1.2962491159.1775718152,ui_df1c49615a,be_8fae7893a4,True,False,True,False,False,False
U0002,google_only,1730074215.1084791618,GA1.1.1730074215.1084791618,ui_6a793a7ae7,ui_6a793a7ae7,False,True,False,True,False,False
U0003,both,1323408297.1809763993,GA1.1.1323408297.1809763993,,be_bffc5c087a,True,True,False,True,False,False
U0004,meta_only,7007500393.1783415470,GA1.1.7007500393.1783415470,ui_6a52e1d11b,be_898515acdb,True,False,False,True,False,False
U0005,both,3574081104.1008253947,GA1.1.3574081104.1008253947,ui_fcc4176283,be_8a56b67156,True,True,False,False,False,False
U0006,both,3799620568.1345236735,GA1.1.3799620568.1345236735,ui_8f7cdf1a0b,be_f895e6ca0a,True,True,False,False,False,False
U0007,meta_only,9523104008.1495725097,GA1.1.9523104008.1495725097,ui_c86239d075,ui_c86239d075,True,False,False,True,True,True
U0008,meta_only,4386667704.1370228863,GA1.1.4386667704.1370228863,ui_a19c255ada,be_722bf03ce5,True,False,False,True,False,False
U0009,both,9920154998.1147848992,GA1.1.9920154998.1147848992,ui_6a31b76844,be_7f4e71d7e7,True,True,False,False,False,False
U0010,google_only,5751023835.1259564054,GA1.1.5751023835.1259564054,ui_4314693d25,be_95c78740f8,False,True,False,False,False,False
U0011,google_only,1172893522.1041783553,GA1.1.1172893522.1041783553,ui_57798592fb,be_45d8b4d5af,False,True,False,False,False,False
U0012,google_only,7641192909.1725708356,GA1.1.7641192909.1725708356,ui_bab93383f4,be_43b55ec41a,False,True,False,False,False,False
U0013,both,5031086659.1913818435,GA1.1.5031086659.1913818435,ui_4c5bab054a,ui_4c5bab054a,True,True,False,True,False,False
U0014,meta_only,3316277000.1701726890,GA1.1.3316277000.1701726890,,be_f62fdcf7b6,True,False,False,True,False,False
U0015,direct,2593765711.1575134276,GA1.1.2593765711.1575134276,ui_34a9d3cb87,be_d5f0ef1f73,False,False,True,False,False,False
U0016,both,6837975356.1280849661,GA1.1.6837975356.1280849661,ui_e7cbc5350d,ui_e7cbc5350d,True,True,False,True,True,True
U0017,google_only,1315708805.1287732777,GA1.1.1315708805.1287732777,ui_bab5104542,be_2786051956,False,True,False,False,False,False
U0018,meta_only,5879617459.1344311586,GA1.1.5879617459.1344311586,ui_b7265bafc5,be_4c5e3f2c0b,True,False,False,False,False,False
U0019,meta_only,8527715219.1854946593,GA1.1.8527715219.1854946593,ui_04889976c9,be_85016f1f24,True,False,False,False,False,False
U0020,meta_only,2400094541.1491291025,GA1.1.2400094541.1491291025,ui_a7f5661572,ui_a7f5661572,True,False,False,True,False,False
U0021,direct,4507822591.1471447714,GA1.1.4507822591.1471447714,,be_1c3bbd969c,False,False,True,True,True,True
U0022,meta_only,9989974968.1492256138,GA1.1.9989974968.1492256138,ui_bdc6fd7548,be_2dcec0ad0e,True,False,False,False,False,False
U0023,meta_only,1304205279.1411318205,GA1.1.1304205279.1411318205,ui_c1546ddaa1,be_99253be973,True,False,False,False,False,False
U0024,google_only,5861829469.1924291998,GA1.1.5861829469.1924291998,,be_6827f1903e,False,True,False,False,False,False
U0025,both,6698349136.1629682105,GA1.1.6698349136.1629682105,ui_da1bbd0167,ui_da1bbd0167,True,True,False,True,False,False
U0026,direct,5222449983.1450773824,GA1.1.5222449983.1450773824,ui_0fb1ee8b5f,be_112d196f34,False,False,True,False,False,False
U0027,meta_only,6661014794.1292010397,GA1.1.6661014794.1292010397,ui_f2c117515c,ui_f2c117515c,True,False,True,True,True,True
U0028,meta_only,8358870981.1515057244,GA1.1.8358870981.1515057244,ui_7e86253ec0,be_f8cff1a4de,True,False,False,False,False,False
U0029,meta_only,8991514523.1077880216,GA1.1.8991514523.1077880216,ui_f61422fcfa,ui_f61422fcfa,True,False,False,True,False,False
U0030,meta_only,2468055063.1953408941,GA1.1.2468055063.1953408941,ui_b8e19970f2,be_e2133bbb44,True,False,False,False,False,False
U0031,meta_only,3062994753.1104138894,GA1.1.3062994753.1104138894,ui_241d467a18,be_2e5747340c,True,False,False,False,False,False
U0032,meta_only,7850677534.1343328397,GA1.1.7850677534.1343328397,,be_e166547dc9,True,False,False,False,False,False
U0033,meta_only,2725373847.1424979220,GA1.1.2725373847.1424979220,,be_53bee0d447,True,False,False,True,True,True
U0034,both,8952502057.1492845370,GA1.1.8952502057.1492845370,ui_7ad618ad5a,be_9411fad4be,True,True,False,False,False,False
U0035,meta_only,4073772623.1836381727,GA1.1.4073772623.1836381727,ui_5f5073c92c,be_c2666708bf,True,False,False,False,False,False
U0036,both,5455441991.1941182097,GA1.1.5455441991.1941182097,ui_c9901d0171,ui_c9901d0171,True,True,False,True,False,False
U0037,direct,2892740043.1068006560,GA1.1.2892740043.1068006560,ui_5bac99fa58,be_b1a35a6d8f,False,False,True,False,False,False
U0038,both,8522334580.1344277942,GA1.1.8522334580.1344277942,ui_f03a637c7d,ui_f03a637c7d,True,True,False,True,False,False
U0039,meta_only,8030335064.1762735437,GA1.1.8030335064.1762735437,ui_579a6bd4dc,be_802a3c244d,True,False,False,False,False,False
U0040,meta_only,6558450990.1190509600,GA1.1.6558450990.1190509600,,be_fb10442d07,True,False,False,True,False,False
U0041,google_only,4322510552.1928733904,GA1.1.4322510552.1928733904,ui_d3deb6d1a0,be_b01241de67,False,True,False,False,False,False
U0042,meta_only,5077921573.1594342064,GA1.1.5077921573.1594342064,,be_2096813bb3,True,False,False,False,False,False
U0043,meta_only,8047347877.1297082704,GA1.1.8047347877.1297082704,,be_2be754829d,True,False,False,False,False,False
U0044,meta_only,3208200227.1479125557,GA1.1.3208200227.1479125557,ui_99d2bf0c34,be_3a8c6ee0a1,True,False,False,False,False,False
U0045,google_only,7351460539.1226241647,GA1.1.7351460539.1226241647,ui_a632928e22,be_e86faebdf3,False,True,False,False,False,False
U0046,meta_only,5325865521.1702813548,GA1.1.5325865521.1702813548,ui_c61694899f,be_6388287f9c,True,False,False,False,False,False
U0047,meta_only,3999818762.1660555221,GA1.1.3999818762.1660555221,ui_0302fc5698,be_b114de5f49,True,False,False,False,False,False
U0048,google_only,2468848245.1595445137,GA1.1.2468848245.1595445137,,be_75e4fae73b,False,True,True,False,False,False
U0049,meta_only,3960136787.1012691606,GA1.1.3960136787.1012691606,ui_615d244f52,ui_615d244f52,True,False,False,True,False,False
U0050,meta_only,5108541819.1932284555,GA1.1.5108541819.1932284555,ui_c5a9d12354,ui_c5a9d12354,True,False,False,True,False,False
U0051,both,6865994703.1278965689,GA1.1.6865994703.1278965689,ui_08c248b7c4,be_cc9c83e63b,True,True,False,False,False,False
U0052,both,9771121724.1590106975,GA1.1.9771121724.1590106975,ui_4a3ed31a52,be_41c00c7951,True,True,False,False,False,False
U0053,direct,5505788456.1236999287,GA1.1.5505788456.1236999287,ui_1e37e1c08f,be_65bd4014ff,False,False,True,False,False,False
U0054,meta_only,8152161448.1947925077,GA1.1.8152161448.1947925077,ui_c88a89ee8f,be_d6ad53868b,True,False,True,False,False,False
U0055,both,9999520085.1689615654,GA1.1.9999520085.1689615654,ui_b910c5d6dd,be_3a90c64082,True,True,False,False,False,False
U0056,meta_only,5373945362.1625996789,GA1.1.5373945362.1625996789,,be_8403b47f1a,True,False,False,False,False,False
U0057,meta_only,4060031897.1042683817,GA1.1.4060031897.1042683817,ui_856255a3f8,be_caeed0842e,True,False,False,False,False,False
U0058,meta_only,9473523940.1441578219,GA1.1.9473523940.1441578219,ui_bdab2320f9,be_999301c2d7,True,False,False,False,False,False
U0059,both,4157531471.1598826833,GA1.1.4157531471.1598826833,ui_cf37ec424e,ui_cf37ec424e,True,True,True,True,False,False
U0060,google_only,3022142957.1131021447,GA1.1.3022142957.1131021447,ui_488b91baf7,ui_488b91baf7,False,True,True,True,True,False
U0061,meta_only,2777556269.1533708134,GA1.1.2777556269.1533708134,,be_5d48250318,True,False,False,False,False,False
U0062,google_only,2171040915.1169110063,GA1.1.2171040915.1169110063,ui_0983552b43,be_195727a106,False,True,False,False,False,False
U0063,both,6804394126.1495254481,GA1.1.6804394126.1495254481,,be_45986b1814,True,True,False,False,False,False
U0064,meta_only,6939036170.1409702344,GA1.1.6939036170.1409702344,ui_3228d564d2,be_0a2eaf22cd,True,False,False,False,False,False
U0065,both,3872118270.1734518883,GA1.1.3872118270.1734518883,ui_c405c787b6,ui_c405c787b6,True,True,False,True,True,True
U0066,both,5113699666.1092756659,GA1.1.5113699666.1092756659,,be_2ae9feb47e,True,True,False,False,False,False
U0067,meta_only,7348560496.1433698014,GA1.1.7348560496.1433698014,,be_cc80fd79e5,True,False,False,False,False,False
U0068,meta_only,1872395778.1595363509,GA1.1.1872395778.1595363509,ui_63bea51ab2,be_3b971848d7,True,False,False,False,False,False
U0069,google_only,7021581129.1129710628,GA1.1.7021581129.1129710628,,be_2dcc95126b,False,True,False,True,False,False
U0070,direct,2158329197.1360660580,GA1.1.2158329197.1360660580,ui_b02d725e9c,be_a92fd1d7f9,False,False,True,False,False,False
U0071,both,3488791944.1957587252,GA1.1.3488791944.1957587252,,be_ee60fb866c,True,True,False,True,False,False
U0072,direct,5392421278.1447252828,GA1.1.5392421278.1447252828,,be_8257a41d3f,False,False,True,False,False,False
U0073,meta_only,7207328566.1326505925,GA1.1.7207328566.1326505925,ui_e4c354d24f,be_92822bec21,True,False,False,False,False,False
U0074,google_only,5796946333.1026624066,GA1.1.5796946333.1026624066,ui_d710a93e40,be_87a18359fe,False,True,False,False,False,False
U0075,google_only,4929345815.1213951180,GA1.1.4929345815.1213951180,ui_680dd48700,ui_680dd48700,False,True,False,True,False,False
U0076,google_only,5784450697.1494448830,GA1.1.5784450697.1494448830,,be_1205b27f8f,False,True,False,False,False,False
U0077,meta_only,3208691233.1437633515,GA1.1.3208691233.1437633515,ui_f112cb8051,be_494f784d31,True,False,False,False,False,False
U0078,google_only,7491475907.1158241728,GA1.1.7491475907.1158241728,ui_147a2101af,be_6a2911ccc3,False,True,False,False,False,False
U0079,meta_only,9494513064.1344115773,GA1.1.9494513064.1344115773,ui_925c9ca66f,be_603341bd12,True,False,True,False,False,False
U0080,meta_only,6179336797.1533361273,GA1.1.6179336797.1533361273,ui_c59567dcd8,ui_c59567dcd8,True,False,False,True,False,False
U0081,both,2024278525.1161020740,GA1.1.2024278525.1161020740,ui_3d786a0224,be_a2df70d19d,True,True,False,True,False,False
U0082,both,8463731970.1486686097,GA1.1.8463731970.1486686097,ui_ca27a03491,ui_ca27a03491,True,True,False,True,False,False
U0083,direct,2345482726.1137300968,GA1.1.2345482726.1137300968,ui_f456e4de86,be_2b7f8ea730,False,False,True,False,False,False
U0084,meta_only,9277288208.1043799764,GA1.1.9277288208.1043799764,ui_f871b2534d,be_d9a3f0c2e3,True,False,False,True,False,False
U0085,google_only,6577215453.1860175026,GA1.1.6577215453.1860175026,ui_c4a2ad87e7,be_96cc966057,False,True,False,False,False,False
U0086,direct,8194509551.1863976413,GA1.1.8194509551.1863976413,ui_2010fd3aa6,be_ac3477022b,False,False,True,False,False,False
U0087,google_only,2682482133.1358468773,GA1.1.2682482133.1358468773,ui_abfdb98477,be_99ad7b8651,False,True,False,False,False,False
U0088,both,9078430211.1383372937,GA1.1.9078430211.1383372937,ui_2d8c51387f,be_ccc8edd910,True,True,False,False,False,False
U0089,direct,2219460880.1099664255,GA1.1.2219460880.1099664255,ui_45a0e84d46,ui_45a0e84d46,False,False,True,True,True,False
U0090,both,8639993987.1936318754,GA1.1.8639993987.1936318754,ui_767e7fd22b,ui_767e7fd22b,True,True,True,True,True,True
U0091,both,5394882203.1469243880,GA1.1.5394882203.1469243880,ui_0861f842c2,be_a0f2b412e4,True,True,False,True,False,False
U0092,meta_only,9031229072.1611068865,GA1.1.9031229072.1611068865,ui_23ba929b2e,be_deb4d0fa9a,True,False,False,False,False,False
U0093,meta_only,1415435433.1515360022,GA1.1.1415435433.1515360022,ui_0ced37fdd8,ui_0ced37fdd8,True,False,False,True,False,False
U0094,meta_only,9624645834.1629685061,GA1.1.9624645834.1629685061,ui_23d805fa31,ui_23d805fa31,True,False,False,True,True,True
U0095,meta_only,3732213159.1988930817,GA1.1.3732213159.1988930817,ui_938c50cddf,be_e317a18ca8,True,False,False,False,False,False
U0096,both,6467576990.1026540961,GA1.1.6467576990.1026540961,ui_3a51d8ace1,be_103354da4b,True,True,False,False,False,False
U0097,both,1801836494.1074615426,GA1.1.1801836494.1074615426,,be_63487505e6,True,True,False,False,False,False
U0098,google_only,6932017991.1800965698,GA1.1.6932017991.1800965698,ui_304b2a771a,ui_304b2a771a,False,True,False,True,True,True
U0099,google_only,7621562469.1459432973,GA1.1.7621562469.1459432973,ui_35265671da,be_51349f18fd,False,True,False,False,False,False
U0100,meta_only,1162808124.1991503014,GA1.1.1162808124.1991503014,ui_f7e25c0c6d,be_c3b530efcb,True,False,False,False,False,False
U0101,meta_only,3070177372.1818115357,GA1.1.3070177372.1818115357,ui_dce92b4776,ui_dce92b4776,True,False,False,True,False,False
U0102,google_only,1381708520.1683093341,GA1.1.1381708520.1683093341,ui_cd43bb0271,be_6646222781,False,True,False,True,False,False
U0103,meta_only,9030957760.1552884702,GA1.1.9030957760.1552884702,ui_3ffd050c57,ui_3ffd050c57,True,False,False,True,False,False
U0104,google_only,6255110825.1124221153,GA1.1.6255110825.1124221153,ui_1593f9256b,be_49366cce2a,False,True,False,False,False,False
U0105,both,4159917292.1991233197,GA1.1.4159917292.1991233197,,be_276fadf85a,True,True,True,True,True,True
U0106,meta_only,8657075548.1707765063,GA1.1.8657075548.1707765063,ui_275ef98ba0,ui_275ef98ba0,True,False,False,True,True,False
U0107,meta_only,8944100417.1512026532,GA1.1.8944100417.1512026532,ui_4aba294ea5,be_ca677574f8,True,False,False,False,False,False
U0108,google_only,3616466630.1652162382,GA1.1.3616466630.1652162382,ui_2ece252507,be_2f5addd474,False,True,False,False,False,False
U0109,meta_only,2157414996.1470913175,GA1.1.2157414996.1470913175,ui_72b0eb1426,be_50afff177a,True,False,False,False,False,False
U0110,meta_only,3624656441.1202581790,GA1.1.3624656441.1202581790,,be_9a320fe691,True,False,False,False,False,False
U0111,both,2595976710.1698198840,GA1.1.2595976710.1698198840,ui_911a90fed3,ui_911a90fed3,True,True,False,True,True,False
U0112,google_only,9169749967.1100600013,GA1.1.9169749967.1100600013,ui_7d29f244ed,be_a3267a6b2c,False,True,False,False,False,False
U0113,both,2274482118.1549264485,GA1.1.2274482118.1549264485,,be_6033654eaa,True,True,False,False,False,False
U0114,both,7693167380.1143444042,GA1.1.7693167380.1143444042,,be_05ddd42dfe,True,True,False,False,False,False
U0115,google_only,6271277159.1168363403,GA1.1.6271277159.1168363403,ui_16fb606df9,be_1b7a660564,False,True,False,False,False,False
U0116,direct,1692447546.1732693486,GA1.1.1692447546.1732693486,ui_e1becac2f8,be_bae5c55d6e,False,False,True,False,False,False
U0117,direct,3136844280.1864068440,GA1.1.3136844280.1864068440,ui_c4dce77241,be_951b7ffc7e,False,False,True,False,False,False
U0118,meta_only,5848950368.1393775775,GA1.1.5848950368.1393775775,ui_95167ef0f0,be_cb82169d3d,True,False,True,False,False,False
U0119,both,5592432662.1434938971,GA1.1.5592432662.1434938971,ui_d763e20e6f,ui_d763e20e6f,True,True,False,True,True,True
U0120,meta_only,2699984810.1402270717,GA1.1.2699984810.1402270717,ui_84a4eea0e0,ui_84a4eea0e0,True,False,False,True,False,False
U0121,both,1526925167.1152294589,GA1.1.1526925167.1152294589,ui_e175d6701f,be_1a65ec2029,True,True,False,False,False,False
U0122,meta_only,2930172860.1955039329,GA1.1.2930172860.1955039329,ui_894daf5025,be_c51a5c1505,True,False,False,False,False,False
U0123,direct,9210444787.1305335473,GA1.1.9210444787.1305335473,ui_f088507d64,ui_f088507d64,False,False,True,True,True,False
U0124,meta_only,3265977202.1620498993,GA1.1.3265977202.1620498993,ui_74c71cb5d3,be_adb173a767,True,False,False,False,False,False
U0125,meta_only,6806610347.1127051781,GA1.1.6806610347.1127051781,,be_16288041ab,True,False,False,True,True,True
U0126,google_only,6809486058.1762525433,GA1.1.6809486058.1762525433,ui_8add748a26,be_3f509b631e,False,True,False,False,False,False
U0127,meta_only,1175892199.1303887508,GA1.1.1175892199.1303887508,,be_1705d02ec8,True,False,False,False,False,False
U0128,meta_only,6082544784.1840101757,GA1.1.6082544784.1840101757,,be_6275eb7666,True,False,False,False,False,False
U0129,meta_only,9065112088.1057483870,GA1.1.9065112088.1057483870,ui_660cd700da,be_514750bab0,True,False,True,False,False,False
U0130,meta_only,6155468456.1515896943,GA1.1.6155468456.1515896943,ui_af7a6b1660,be_7904ae90ef,True,False,False,False,False,False
U0131,meta_only,5751180577.1729416737,GA1.1.5751180577.1729416737,ui_cfcb3e2ec6,be_191d1c9de5,True,False,False,False,False,False
U0132,both,9894308703.1083906278,GA1.1.9894308703.1083906278,ui_817080d4d6,be_5d24838949,True,True,False,False,False,False
U0133,both,3439750224.1860890866,GA1.1.3439750224.1860890866,ui_bd12205a34,ui_bd12205a34,True,True,False,True,False,False
U0134,direct,5289839506.1828219165,GA1.1.5289839506.1828219165,ui_5695acc919,be_542777f7d3,False,False,True,False,False,False
U0135,meta_only,2891673334.1277032861,GA1.1.2891673334.1277032861,ui_4d2a29010a,be_90b0b44ad5,True,False,False,True,False,False
U0136,both,5176412695.1744181609,GA1.1.5176412695.1744181609,ui_be558ea976,be_9d28c69244,True,True,False,False,False,False
U0137,meta_only,2883717021.1546177238,GA1.1.2883717021.1546177238,ui_4c370888e4,be_6cf0feb64e,True,False,True,False,False,False
U0138,meta_only,3872111537.1379805207,GA1.1.3872111537.1379805207,ui_b31257ba1b,be_e01b838daf,True,False,False,False,False,False
U0139,google_only,7628909700.1317201826,GA1.1.7628909700.1317201826,ui_1ec4f5a175,ui_1ec4f5a175,False,True,False,True,False,False
U0140,direct,3082629429.1168518952,GA1.1.3082629429.1168518952,ui_0ab0bd66de,be_d18bb0b8e1,False,False,True,False,False,False
U0141,meta_only,4193236715.1324435363,GA1.1.4193236715.1324435363,ui_34a741f87e,be_830765813f,True,False,False,False,False,False
U0142,direct,4148508746.1989163602,GA1.1.4148508746.1989163602,ui_b6c2b27f06,be_2c7b86464e,False,False,True,False,False,False
U0143,both,1712731260.1311596420,GA1.1.1712731260.1311596420,ui_39b847eebd,be_28d0621f43,True,True,True,False,False,False
U0144,meta_only,8683546423.1735907840,GA1.1.8683546423.1735907840,ui_ea2ddc569e,be_e35ef35395,True,False,False,False,False,False
U0145,meta_only,4051964572.1337408933,GA1.1.4051964572.1337408933,ui_8f390dd5be,be_9f8f6da1d8,True,False,False,False,False,False
U0146,meta_only,5865058976.1057268351,GA1.1.5865058976.1057268351,ui_4496d43f47,be_155c8da2f9,True,False,False,False,False,False
U0147,google_only,9216911629.1328860953,GA1.1.9216911629.1328860953,ui_8c799bb73b,be_9760e3ee16,False,True,False,False,False,False
U0148,meta_only,3050177248.1370131551,GA1.1.3050177248.1370131551,ui_8637673e65,ui_8637673e65,True,False,False,True,True,True
U0149,meta_only,2107399563.1552865676,GA1.1.2107399563.1552865676,ui_b704175ea4,ui_b704175ea4,True,False,False,True,False,False
U0150,direct,6092600577.1538549262,GA1.1.6092600577.1538549262,ui_9ea4606249,be_f530514bd9,False,False,True,False,False,False
U0151,meta_only,6667822698.1883290841,GA1.1.6667822698.1883290841,ui_7b3ba40dfa,be_853f545a09,True,False,False,False,False,False
U0152,meta_only,6057867851.1309675531,GA1.1.6057867851.1309675531,ui_dcaa196630,be_398196092a,True,False,False,False,False,False
U0153,direct,6153038644.1142431913,GA1.1.6153038644.1142431913,ui_e3739fcf81,ui_e3739fcf81,False,False,True,True,False,False
U0154,meta_only,8085106052.1460193439,GA1.1.8085106052.1460193439,ui_1dc9cb5a23,be_745b7bcc5b,True,False,False,False,False,False
U0155,google_only,4865487796.1369596475,GA1.1.4865487796.1369596475,ui_9886ead776,be_a13329b137,False,True,False,False,False,False
U0156,direct,2300347998.1223050590,GA1.1.2300347998.1223050590,ui_9978c5a311,be_383799d1ec,False,False,True,False,False,False
U0157,meta_only,6457800493.1677668740,GA1.1.6457800493.1677668740,ui_88f4d34847,be_ff75f72164,True,False,False,False,False,False
U0158,both,5917679694.1358331444,GA1.1.5917679694.1358331444,ui_d549c0f06a,be_274d3a4d06,True,True,False,False,False,False
U0159,direct,2419183659.1195070777,GA1.1.2419183659.1195070777,ui_58bd6090d0,be_3643a57ac9,False,False,True,False,False,False
U0160,both,4319975372.1221345622,GA1.1.4319975372.1221345622,ui_18f0251dea,ui_18f0251dea,True,True,True,True,True,False
U0161,meta_only,7614189891.1658858259,GA1.1.7614189891.1658858259,ui_17d928c2ab,ui_17d928c2ab,True,False,False,True,False,False
U0162,meta_only,8972380077.1819554196,GA1.1.8972380077.1819554196,ui_15af237184,be_d46f1d86ff,True,False,True,False,False,False
U0163,meta_only,5616533577.1760575419,GA1.1.5616533577.1760575419,ui_4e9f062dcc,be_f3ca63d1f4,True,False,False,False,False,False
U0164,meta_only,1442597118.1785720569,GA1.1.1442597118.1785720569,ui_95dadf6ad4,be_b4486df11c,True,False,False,False,False,False
U0165,google_only,9333082673.1873124622,GA1.1.9333082673.1873124622,ui_b6e32a5460,be_7e5a5f4c5b,False,True,True,False,False,False
U0166,meta_only,3311784874.1427318353,GA1.1.3311784874.1427318353,ui_11bead2552,be_6dbec9f53d,True,False,True,False,False,False
U0167,meta_only,1553040088.1985136061,GA1.1.1553040088.1985136061,ui_875c9bba8f,be_790976f288,True,False,False,False,False,False
U0168,meta_only,9863217924.1444219274,GA1.1.9863217924.1444219274,ui_b39c22a711,be_f9f66b2515,True,False,False,False,False,False
U0169,google_only,3465246851.1957172941,GA1.1.3465246851.1957172941,ui_dc8d79eec1,be_ee1a921329,False,True,False,False,False,False
U0170,google_only,5743011845.1602640810,GA1.1.5743011845.1602640810,ui_67c4a0d31e,be_b92500f658,False,True,False,False,False,False
U0171,meta_only,9255690691.1730569336,GA1.1.9255690691.1730569336,ui_da3eb4b664,be_ed79a6b7a3,True,False,False,False,False,False
U0172,meta_only,3442983221.1163971681,GA1.1.3442983221.1163971681,ui_fe53a62412,be_3a7d13882f,True,False,False,False,False,False
U0173,google_only,7249109908.1987226705,GA1.1.7249109908.1987226705,,be_7e34bf642b,False,True,False,False,False,False
U0174,both,3019633001.1582857882,GA1.1.3019633001.1582857882,ui_4dc9038268,be_27b6a4b926,True,True,False,False,False,False
U0175,both,9098606941.1091279339,GA1.1.9098606941.1091279339,,be_2462fcaf5b,True,True,False,True,False,False
U0176,both,4511354523.1760464354,GA1.1.4511354523.1760464354,,be_924ad02023,True,True,False,False,False,False
U0177,meta_only,3715248432.1428872082,GA1.1.3715248432.1428872082,ui_6de2f30743,be_72dd43976d,True,False,False,False,False,False
U0178,both,9346573117.1862882603,GA1.1.9346573117.1862882603,ui_7fa5499985,ui_7fa5499985,True,True,False,True,True,True
U0179,google_only,2348993465.1293724281,GA1.1.2348993465.1293724281,ui_3949500572,be_d606529ca5,False,True,False,False,False,False
U0180,direct,7444958660.1346765196,GA1.1.7444958660.1346765196,ui_a6840b6130,be_3751e8d620,False,False,True,False,False,False
U0181,meta_only,4585534657.1809785449,GA1.1.4585534657.1809785449,ui_5541409a86,be_20cbd39bda,True,False,False,False,False,False
U0182,meta_only,7206488074.1782487451,GA1.1.7206488074.1782487451,ui_20336e160c,be_e44eec3eba,True,False,False,False,False,False
U0183,meta_only,8257099732.1870110910,GA1.1.8257099732.1870110910,ui_add6f73d05,ui_add6f73d05,True,False,False,True,False,False
U0184,direct,2687061995.1619569898,GA1.1.2687061995.1619569898,ui_6c1a7de30c,be_8121f36d81,False,False,True,False,False,False
U0185,google_only,5582823940.1485974860,GA1.1.5582823940.1485974860,,be_656b463697,False,True,False,True,True,True
U0186,both,8926527167.1245599679,GA1.1.8926527167.1245599679,ui_cf122f907c,be_6be58606b1,True,True,True,False,False,False
U0187,both,4897716760.1514715107,GA1.1.4897716760.1514715107,ui_ceac294c60,be_11e2a567ce,True,True,False,False,False,False
U0188,direct,9520646325.1003507992,GA1.1.9520646325.1003507992,ui_c47e8d864f,ui_c47e8d864f,False,False,True,True,True,True
U0189,both,1688894653.1613364569,GA1.1.1688894653.1613364569,ui_f471d37223,be_134996311b,True,True,False,False,False,False
U0190,meta_only,5935043453.1152078385,GA1.1.5935043453.1152078385,,be_e348310acf,True,False,False,True,True,False
U0191,google_only,2604700373.1337740312,GA1.1.2604700373.1337740312,ui_c3cc79c2c6,be_2ee46b532f,False,True,False,False,False,False
U0192,meta_only,3515223769.1948686369,GA1.1.3515223769.1948686369,ui_7c0cb91fe6,be_a7b42e1660,True,False,False,False,False,False
U0193,meta_only,4850825248.1242879209,GA1.1.4850825248.1242879209,ui_64f4ff09c4,be_d8d3f72185,True,False,False,False,False,False
U0194,direct,4167238651.1161110932,GA1.1.4167238651.1161110932,ui_71fcaf022f,ui_71fcaf022f,False,False,True,True,True,True
U0195,both,4996454615.1852827503,GA1.1.4996454615.1852827503,,be_4532219117,True,True,False,False,False,False
U0196,meta_only,5695328401.1940083468,GA1.1.5695328401.1940083468,,be_2e39feb6ca,True,False,False,False,False,False
U0197,both,3456281720.1991159822,GA1.1.3456281720.1991159822,ui_974a03e448,be_0f766fc4d8,True,True,False,False,False,False
U0198,both,1272442575.1156565452,GA1.1.1272442575.1156565452,ui_8b3fc556c1,be_8c33acb1f3,True,True,False,False,False,False
U0199,meta_only,7640296994.1973153060,GA1.1.7640296994.1973153060,ui_4ec0e6a401,be_f917758498,True,False,False,False,False,False
U0200,google_only,4820664172.1759032780,GA1.1.4820664172.1759032780,ui_a7f63422a1,be_a20fbba23f,False,True,False,False,False,False
U0201,meta_only,2516888774.1934102853,GA1.1.2516888774.1934102853,ui_f3740070e0,be_746e2460c8,True,False,False,False,False,False
U0202,meta_only,4959218902.1673793757,GA1.1.4959218902.1673793757,ui_820cc6572b,be_b6b436d991,True,False,False,False,False,False
U0203,google_only,9116635925.1958961763,GA1.1.9116635925.1958961763,ui_531cc8ac0b,be_8ab0dd3651,False,True,False,False,False,False
U0204,direct,4870437669.1508663769,GA1.1.4870437669.1508663769,ui_202d612166,ui_202d612166,False,False,True,True,True,True
U0205,meta_only,4507718470.1056727602,GA1.1.4507718470.1056727602,ui_832e89e385,be_845226d3c3,True,False,False,False,False,False
U0206,direct,4089049607.1379392520,GA1.1.4089049607.1379392520,ui_ac844282a8,be_48c2d49060,False,False,True,False,False,False
U0207,both,2466684707.1388121954,GA1.1.2466684707.1388121954,ui_42616c8f50,be_429b807639,True,True,False,False,False,False
U0208,both,9689853136.1090845926,GA1.1.9689853136.1090845926,ui_4cd8f8e031,be_3b8d4b29ba,True,True,False,False,False,False
U0209,meta_only,6212809380.1395034822,GA1.1.6212809380.1395034822,ui_5e19cda914,be_38502f3d23,True,False,True,False,False,False
U0210,both,8236625158.1078038923,GA1.1.8236625158.1078038923,ui_b123e5d829,ui_b123e5d829,True,True,False,True,True,False
U0211,google_only,4621979605.1834532128,GA1.1.4621979605.1834532128,ui_83c48a00f7,be_30d66e10dc,False,True,False,False,False,False
U0212,google_only,5634917518.1011426101,GA1.1.5634917518.1011426101,ui_fea12636df,ui_fea12636df,False,True,True,True,False,False
U0213,direct,5393402303.1843539825,GA1.1.5393402303.1843539825,ui_8a6e170d7e,be_8cd0c62a23,False,False,True,False,False,False
U0214,meta_only,6432741106.1611422741,GA1.1.6432741106.1611422741,ui_1ae1956790,be_9c4694802e,True,False,False,False,False,False
U0215,direct,1802132550.1660977079,GA1.1.1802132550.1660977079,ui_619ba7978d,be_967dd283f0,False,False,True,False,False,False
U0216,google_only,4403354564.1395868120,GA1.1.4403354564.1395868120,ui_40e5f69a90,ui_40e5f69a90,False,True,False,True,True,True
U0217,meta_only,7867657184.1176968647,GA1.1.7867657184.1176968647,ui_8b940d3457,be_551b5ed7d8,True,False,False,False,False,False
U0218,direct,7133865128.1062673405,GA1.1.7133865128.1062673405,,be_d96c84d2b8,False,False,True,False,False,False
U0219,direct,7930564616.1190884570,GA1.1.7930564616.1190884570,ui_4911bf0e00,be_24a9e13adf,False,False,True,False,False,False
U0220,both,3063857179.1560264424,GA1.1.3063857179.1560264424,ui_a8214d869f,ui_a8214d869f,True,True,False,True,False,False
U0221,meta_only,8067026390.1188494303,GA1.1.8067026390.1188494303,ui_a3cbeaffe5,be_2999befbca,True,False,False,False,False,False
U0222,direct,7795779839.1002886304,GA1.1.7795779839.1002886304,ui_2103e78717,be_e598e32cc1,False,False,True,False,False,False
U0223,both,9095263528.1556868272,GA1.1.9095263528.1556868272,ui_d7abbea538,be_ececd00f36,True,True,False,False,False,False
U0224,google_only,4397214369.1870229749,GA1.1.4397214369.1870229749,ui_ac3a92b701,be_f1465554e3,False,True,False,False,False,False
U0225,both,7234031733.1454395870,GA1.1.7234031733.1454395870,,be_417af56237,True,True,False,False,False,False
U0226,direct,5633983723.1628297011,GA1.1.5633983723.1628297011,ui_32d00461fa,be_011777e0b4,False,False,True,False,False,False
U0227,both,5307967688.1267673657,GA1.1.5307967688.1267673657,ui_b524909a97,ui_b524909a97,True,True,False,True,True,True
U0228,meta_only,8174366397.1600961387,GA1.1.8174366397.1600961387,,be_2b6fada005,True,False,False,False,False,False
U0229,meta_only,5405008821.1486469216,GA1.1.5405008821.1486469216,ui_272562e93a,be_480ffc46b3,True,False,False,False,False,False
U0230,direct,3194915392.1430149880,GA1.1.3194915392.1430149880,ui_d02e442115,ui_d02e442115,False,False,True,True,False,False
U0231,direct,3673821219.1986894070,GA1.1.3673821219.1986894070,ui_646a9eb9b8,be_489bd59fc0,False,False,True,False,False,False
U0232,google_only,8649534322.1387960179,GA1.1.8649534322.1387960179,ui_ee0176b39c,ui_ee0176b39c,False,True,False,True,True,False
U0233,meta_only,9339832512.1476836223,GA1.1.9339832512.1476836223,,be_e42bcda621,True,False,True,True,False,False
U0234,google_only,7333929202.1766884424,GA1.1.7333929202.1766884424,ui_8c1cfd4b36,be_ff58d4e534,False,True,True,False,False,False
U0235,both,7782954756.1629562581,GA1.1.7782954756.1629562581,ui_cec94f7bd1,be_da43cdf8fb,True,True,False,False,False,False
U0236,google_only,1149762119.1213197600,GA1.1.1149762119.1213197600,ui_f7ce0d45b6,be_d5e06e641e,False,True,False,False,False,False
U0237,both,5803118954.1568158268,GA1.1.5803118954.1568158268,,be_7955927176,True,True,True,True,False,False
U0238,direct,2802534646.1418207486,GA1.1.2802534646.1418207486,,be_8ec01cfac0,False,False,True,False,False,False
U0239,meta_only,5665080307.1199640577,GA1.1.5665080307.1199640577,ui_b05fd7d207,ui_b05fd7d207,True,False,False,True,True,True
U0240,meta_only,8944871992.1435823416,GA1.1.8944871992.1435823416,,be_850deb6751,True,False,False,False,False,False
U0241,google_only,6299164332.1877861933,GA1.1.6299164332.1877861933,,be_4fafea2ece,False,True,False,False,False,False
U0242,both,3671644472.1326484573,GA1.1.3671644472.1326484573,ui_0b905fe68b,ui_0b905fe68b,True,True,True,True,True,True
U0243,both,7627264996.1347116699,GA1.1.7627264996.1347116699,,be_d199620f3a,True,True,False,False,False,False
U0244,meta_only,4720440890.1705831207,GA1.1.4720440890.1705831207,ui_82c20898ad,be_3a2447432b,True,False,False,False,False,False
U0245,meta_only,1833066037.1964768995,GA1.1.1833066037.1964768995,ui_215043ad5c,be_3d75e18210,True,False,False,False,False,False
U0246,meta_only,1937032010.1843057199,GA1.1.1937032010.1843057199,ui_3f849621df,be_6006ef6f6f,True,False,False,False,False,False
U0247,both,8670083448.1714537172,GA1.1.8670083448.1714537172,ui_d5ab42adaf,be_87ff9be234,True,True,False,False,False,False
U0248,direct,3182039106.1874848279,GA1.1.3182039106.1874848279,ui_c95f96d2d3,be_7f25bf46e4,False,False,True,False,False,False
U0249,meta_only,2326914126.1771370025,GA1.1.2326914126.1771370025,ui_76a71ee0ab,be_7852e1b7e8,True,False,False,False,False,False
U0250,meta_only,8789659355.1576609989,GA1.1.8789659355.1576609989,ui_e5aa002d22,be_45af104fb1,True,False,False,False,False,False
U0251,meta_only,3611012505.1001529194,GA1.1.3611012505.1001529194,ui_dbdc352615,ui_dbdc352615,True,False,False,True,True,False
U0252,google_only,8396190572.1928242554,GA1.1.8396190572.1928242554,ui_1a84a71375,ui_1a84a71375,False,True,True,True,True,True
U0253,direct,9253470372.1515329445,GA1.1.9253470372.1515329445,ui_02f748c747,be_74f63e6f45,False,False,True,False,False,False
U0254,direct,7289563278.1084909552,GA1.1.7289563278.1084909552,ui_aa2b33b9b2,be_522634fd9e,False,False,True,False,False,False
U0255,direct,6360177939.1354772432,GA1.1.6360177939.1354772432,ui_df43bcc419,be_939df49494,False,False,True,False,False,False
U0256,both,3411010977.1156878133,GA1.1.3411010977.1156878133,ui_982bb39dae,be_9e12ffc702,True,True,False,False,False,False
U0257,meta_only,5068404283.1175416693,GA1.1.5068404283.1175416693,ui_8f6575de23,be_82c0059130,True,False,False,False,False,False
U0258,direct,7615038909.1492259801,GA1.1.7615038909.1492259801,ui_f9bfc1bfa2,be_057e6da8bf,False,False,True,False,False,False
U0259,both,4703402229.1993919115,GA1.1.4703402229.1993919115,ui_6a3d7c728e,be_250fc568be,True,True,False,False,False,False
U0260,meta_only,6592227466.1941896087,GA1.1.6592227466.1941896087,,be_088895402d,True,False,False,False,False,False
U0261,meta_only,4983352173.1162037706,GA1.1.4983352173.1162037706,ui_15de6095a9,be_33aca294c2,True,False,False,False,False,False
U0262,google_only,1674455554.1879310849,GA1.1.1674455554.1879310849,ui_22f21b8e15,be_26676e1984,False,True,False,False,False,False
U0263,both,7150354449.1440042312,GA1.1.7150354449.1440042312,ui_b200eb836d,ui_b200eb836d,True,True,False,True,False,False
U0264,meta_only,3610609005.1477870740,GA1.1.3610609005.1477870740,ui_7c69f17978,be_894a459961,True,False,False,False,False,False
U0265,both,8875096662.1385010812,GA1.1.8875096662.1385010812,ui_c0e93a07a8,be_397db15f32,True,True,False,False,False,False
U0266,google_only,1776530267.1653896330,GA1.1.1776530267.1653896330,ui_3ea4c44e44,be_c5362dd857,False,True,False,False,False,False
U0267,direct,5655887998.1071468379,GA1.1.5655887998.1071468379,ui_e8a5947435,be_3c4dbd4dd1,False,False,True,False,False,False
U0268,google_only,6411476134.1909894594,GA1.1.6411476134.1909894594,,be_35783131cb,False,True,False,False,False,False
U0269,google_only,4411938731.1515309123,GA1.1.4411938731.1515309123,ui_3482a51b6d,ui_3482a51b6d,False,True,False,True,False,False
U0270,both,9060973782.1884640015,GA1.1.9060973782.1884640015,ui_7a9c281921,be_b78aaa1283,True,True,False,False,False,False
U0271,meta_only,4197230378.1130846757,GA1.1.4197230378.1130846757,ui_c13d2972d5,be_369b581814,True,False,False,False,False,False
U0272,google_only,6093562307.1372284924,GA1.1.6093562307.1372284924,ui_163f9ade72,be_029fa65321,False,True,False,False,False,False
U0273,both,9682739123.1442125483,GA1.1.9682739123.1442125483,ui_074cedab02,be_8c49745f1b,True,True,False,False,False,False
U0274,google_only,2243876683.1284557399,GA1.1.2243876683.1284557399,,be_ba21890481,False,True,False,False,False,False
U0275,both,9738571759.1484763296,GA1.1.9738571759.1484763296,ui_13d9b71621,be_c4db461798,True,True,False,False,False,False
U0276,meta_only,8191770328.1136259676,GA1.1.8191770328.1136259676,ui_60084483d8,be_1997991409,True,False,False,False,False,False
U0277,meta_only,1088567319.1588994359,GA1.1.1088567319.1588994359,ui_34b631089c,be_f11c0fd6ca,True,False,False,False,False,False
U0278,meta_only,9388467387.1088564299,GA1.1.9388467387.1088564299,,be_8119ab529c,True,False,False,False,False,False
U0279,meta_only,2679684601.1036164368,GA1.1.2679684601.1036164368,ui_814523ea34,be_3f0421cf85,True,False,False,True,True,False
U0280,google_only,3917953301.1886964603,GA1.1.3917953301.1886964603,ui_f6f8db65b6,be_22ff97fd7d,False,True,False,False,False,False
U0281,meta_only,6827915017.1617221214,GA1.1.6827915017.1617221214,ui_06bca11a9c,be_8123d64594,True,False,False,False,False,False
U0282,both,1251058730.1175187063,GA1.1.1251058730.1175187063,ui_b17d9e014f,be_3e711bb97a,True,True,True,False,False,False
U0283,meta_only,9537725542.1269846581,GA1.1.9537725542.1269846581,ui_c87d0e81e2,be_40b8c7f024,True,False,True,False,False,False
U0284,google_only,4357675979.1302869605,GA1.1.4357675979.1302869605,,be_bb9d94d830,False,True,False,False,False,False
U0285,google_only,5820153667.1507298616,GA1.1.5820153667.1507298616,ui_5be18177c2,ui_5be18177c2,False,True,False,True,False,False
U0286,google_only,7084334248.1269156658,GA1.1.7084334248.1269156658,ui_7ea2fdbf38,be_e7b52e6870,False,True,False,False,False,False
U0287,google_only,5976944609.1913258630,GA1.1.5976944609.1913258630,ui_b0d82236d7,be_302f21cdda,False,True,False,False,False,False
U0288,both,4559777402.1065015091,GA1.1.4559777402.1065015091,ui_017e03f63e,be_0500936744,True,True,False,False,False,False
U0289,meta_only,4626852472.1638899863,GA1.1.4626852472.1638899863,ui_215d4d948e,be_922f32f312,True,False,False,False,False,False
U0290,meta_only,1989953171.1135641085,GA1.1.1989953171.1135641085,,be_cc1e0cc6e9,True,False,False,False,False,False
U0291,both,7007120883.1411345272,GA1.1.7007120883.1411345272,ui_ebe67c092b,ui_ebe67c092b,True,True,False,True,True,True
U0292,both,4783058245.1693765080,GA1.1.4783058245.1693765080,ui_d22e19200b,be_62b060eed0,True,True,False,False,False,False
U0293,meta_only,6139475525.1191853094,GA1.1.6139475525.1191853094,ui_a65fec6bc9,be_2fdec7d180,True,False,False,False,False,False
U0294,google_only,3008371727.1212450556,GA1.1.3008371727.1212450556,ui_b4af0585e7,be_f264590c93,False,True,False,False,False,False
U0295,meta_only,7526061984.1876684882,GA1.1.7526061984.1876684882,ui_9007e2d085,be_bad6436e0e,True,False,False,False,False,False
U0296,both,8541700116.1429287287,GA1.1.8541700116.1429287287,ui_dcadda9217,be_4d6b1da763,True,True,True,False,False,False
U0297,google_only,8004278884.1045667621,GA1.1.8004278884.1045667621,ui_00a0add768,be_962d448c0d,False,True,False,False,False,False
U0298,google_only,7915090071.1696885499,GA1.1.7915090071.1696885499,ui_0e462cb05b,be_681875fafd,False,True,False,False,False,False
U0299,both,6099376282.1983938921,GA1.1.6099376282.1983938921,ui_01428d4935,be_9bf9220014,True,True,False,False,False,False
U0300,both,8607435146.1912223254,GA1.1.8607435146.1912223254,,be_4c44b5fa79,True,True,False,False,False,False
U0301,both,7235827508.1291250870,GA1.1.7235827508.1291250870,ui_9a3ae07700,be_3d04e140c9,True,True,True,False,False,False
U0302,meta_only,1512410538.1637802212,GA1.1.1512410538.1637802212,ui_0fca203ea7,be_f547bcdaa2,True,False,False,False,False,False
U0303,google_only,5502923968.1996568081,GA1.1.5502923968.1996568081,ui_606600be1a,ui_606600be1a,False,True,False,True,True,True
U0304,google_only,6393018908.1080587885,GA1.1.6393018908.1080587885,ui_949064b3a5,be_e9579bcea8,False,True,False,True,False,False
U0305,both,7195771959.1468599729,GA1.1.7195771959.1468599729,ui_91830b643a,be_2cfb227731,True,True,False,False,False,False
U0306,meta_only,4391278116.1276689804,GA1.1.4391278116.1276689804,ui_b69955d9c3,be_dc63239e11,True,False,False,False,False,False
U0307,meta_only,5145463770.1220148797,GA1.1.5145463770.1220148797,ui_aa0af460bf,be_3b954b98d4,True,False,True,False,False,False
U0308,meta_only,2179385865.1007353617,GA1.1.2179385865.1007353617,ui_85c682a565,ui_85c682a565,True,False,False,True,False,False
U0309,both,5351585770.1341206349,GA1.1.5351585770.1341206349,,be_75cc7ff05a,True,True,False,False,False,False
U0310,meta_only,4985089934.1252937673,GA1.1.4985089934.1252937673,ui_b37789fe3a,be_90dc6ddba7,True,False,False,False,False,False
U0311,meta_only,2711946840.1162068099,GA1.1.2711946840.1162068099,ui_611aa0db8c,be_1ea8adc1cd,True,False,False,False,False,False
U0312,both,6748037306.1741436988,GA1.1.6748037306.1741436988,ui_c7bcdae15a,be_ac7e5a89ab,True,True,True,False,False,False
U0313,meta_only,2002966885.1546581788,GA1.1.2002966885.1546581788,ui_8bb2d55b42,be_d346f58a43,True,False,False,False,False,False
U0314,google_only,9920314523.1713398764,GA1.1.9920314523.1713398764,ui_91d4f3cda6,be_eb48bc4b2c,False,True,False,False,False,False
U0315,direct,6240634163.1658975281,GA1.1.6240634163.1658975281,ui_0e376365b1,ui_0e376365b1,False,False,True,True,True,True
U0316,google_only,1193192782.1232284598,GA1.1.1193192782.1232284598,,be_e802c5bfdc,False,True,False,True,False,False
U0317,meta_only,9784656868.1720897372,GA1.1.9784656868.1720897372,ui_862cd68d26,be_93eb54b360,True,False,False,False,False,False
U0318,meta_only,2372311271.1933147092,GA1.1.2372311271.1933147092,,be_2a06a1a901,True,False,False,False,False,False
U0319,both,8517714043.1683605674,GA1.1.8517714043.1683605674,ui_ad3a8a2736,be_526f55d4c6,True,True,True,True,False,False
U0320,meta_only,5205684275.1306526419,GA1.1.5205684275.1306526419,ui_3cc72adbfa,be_6b56e312ed,True,False,False,False,False,False
U0321,both,3512990442.1817567004,GA1.1.3512990442.1817567004,ui_33f3e67cf4,be_c4d8b10169,True,True,False,False,False,False
U0322,meta_only,7168173516.1911749790,GA1.1.7168173516.1911749790,ui_74693c1e79,be_1f194325e1,True,False,False,False,False,False
U0323,direct,3567893482.1062657456,GA1.1.3567893482.1062657456,ui_1fb57fe358,be_ed2a126c55,False,False,True,False,False,False
U0324,both,2178772608.1900689240,GA1.1.2178772608.1900689240,ui_f6afd4c8c1,ui_f6afd4c8c1,True,True,False,True,False,False
U0325,direct,2655821087.1811758204,GA1.1.2655821087.1811758204,ui_f8b0f79123,ui_f8b0f79123,False,False,True,True,True,True
U0326,both,5651425320.1341822918,GA1.1.5651425320.1341822918,ui_6e684e05a8,be_3b929647dd,True,True,False,False,False,False
U0327,meta_only,3577385098.1475261602,GA1.1.3577385098.1475261602,ui_7f9d017e21,ui_7f9d017e21,True,False,False,True,True,True
U0328,direct,8545986937.1210251221,GA1.1.8545986937.1210251221,ui_b1177fb55a,be_ac1098da70,False,False,True,False,False,False
U0329,direct,5784066091.1513742973,GA1.1.5784066091.1513742973,ui_a76da332a1,ui_a76da332a1,False,False,True,True,True,True
U0330,direct,7429275297.1367754980,GA1.1.7429275297.1367754980,ui_e538014ddc,ui_e538014ddc,False,False,True,True,True,True
U0331,google_only,9284172847.1922073938,GA1.1.9284172847.1922073938,ui_d062767935,ui_d062767935,False,True,False,True,False,False
U0332,google_only,6124187480.1692679092,GA1.1.6124187480.1692679092,ui_209b5b66b0,be_3aadcc6012,False,True,False,False,False,False
U0333,direct,5920191430.1667471886,GA1.1.5920191430.1667471886,ui_dee5dfd1e4,be_15ebea80fb,False,False,True,False,False,False
U0334,both,3740435559.1065767893,GA1.1.3740435559.1065767893,ui_416e5ad3a1,ui_416e5ad3a1,True,True,True,True,False,False
U0335,both,2674762035.1001177582,GA1.1.2674762035.1001177582,ui_0711db43a7,be_ef5adb77cd,True,True,False,False,False,False
U0336,meta_only,4273894820.1359247099,GA1.1.4273894820.1359247099,ui_a1e5b11be6,be_0068bade9d,True,False,False,False,False,False
U0337,meta_only,4872521694.1773742895,GA1.1.4872521694.1773742895,ui_20cbba0604,be_c598532e6a,True,False,False,True,False,False
U0338,meta_only,1946129680.1889282376,GA1.1.1946129680.1889282376,,be_1fafab0973,True,False,False,False,False,False
U0339,meta_only,5988454291.1992479345,GA1.1.5988454291.1992479345,ui_9267d89b76,be_ff52e9e897,True,False,False,False,False,False
U0340,google_only,9988561480.1572172146,GA1.1.9988561480.1572172146,ui_ad460ac094,ui_ad460ac094,False,True,False,True,True,True
U0341,meta_only,6387546530.1777983498,GA1.1.6387546530.1777983498,ui_6688d5d3b4,be_34b3f58626,True,False,False,False,False,False
U0342,meta_only,4095515938.1639822046,GA1.1.4095515938.1639822046,ui_47b074ecc9,be_b7e72f5aea,True,False,False,False,False,False
U0343,both,1479641898.1256624948,GA1.1.1479641898.1256624948,ui_94d62748d6,ui_94d62748d6,True,True,False,True,True,True
U0344,meta_only,1459849147.1274181807,GA1.1.1459849147.1274181807,ui_55629159ba,be_31d34693ce,True,False,True,False,False,False
U0345,direct,7232946249.1001051000,GA1.1.7232946249.1001051000,ui_4dbd1d040c,be_22ab88803f,False,False,True,False,False,False
U0346,direct,4346258017.1292273188,GA1.1.4346258017.1292273188,ui_cc4a75a8b3,ui_cc4a75a8b3,False,False,True,True,True,True
U0347,direct,7382716294.1517696817,GA1.1.7382716294.1517696817,ui_051b107013,ui_051b107013,False,False,True,True,True,True
U0348,both,8629413683.1584011182,GA1.1.8629413683.1584011182,ui_05318d74f2,ui_05318d74f2,True,True,False,True,False,False
U0349,both,3578129028.1339005882,GA1.1.3578129028.1339005882,ui_d114dcf5b8,be_81ff67aafb,True,True,False,False,False,False
U0350,both,8279302094.1970453622,GA1.1.8279302094.1970453622,,be_ae8d2df3a2,True,True,False,True,False,False
U0351,both,8691868390.1311588366,GA1.1.8691868390.1311588366,ui_4fd4aa24cc,ui_4fd4aa24cc,True,True,False,True,False,False
U0352,meta_only,9541385123.1653671054,GA1.1.9541385123.1653671054,ui_f7a09c9f43,be_9d75418309,True,False,False,False,False,False
U0353,meta_only,2924277998.1361552865,GA1.1.2924277998.1361552865,ui_d6b0588fa6,be_a4ea3bf5ef,True,False,False,False,False,False
U0354,both,7609599455.1935544043,GA1.1.7609599455.1935544043,ui_7bcd4f16c8,be_43bdda383b,True,True,False,False,False,False
U0355,google_only,8789856602.1284505193,GA1.1.8789856602.1284505193,ui_fd9aafdb25,be_3bcedfc778,False,True,False,False,False,False
U0356,direct,8117727496.1392406461,GA1.1.8117727496.1392406461,ui_fed26faea0,ui_fed26faea0,False,False,True,True,True,True
U0357,meta_only,4802927858.1760391524,GA1.1.4802927858.1760391524,ui_bb55958942,ui_bb55958942,True,False,False,True,True,True
U0358,meta_only,5805756498.1590963169,GA1.1.5805756498.1590963169,ui_599c8bafef,be_8658ed6593,True,False,True,False,False,False
U0359,meta_only,6825515234.1210214170,GA1.1.6825515234.1210214170,,be_f5004071be,True,False,False,False,False,False
U0360,meta_only,3645096320.1018542837,GA1.1.3645096320.1018542837,ui_cdb82a2b62,be_de21c5a2cd,True,False,False,False,False,False
U0361,meta_only,2501727423.1317013238,GA1.1.2501727423.1317013238,ui_ec5fec0eef,be_6c082e20cd,True,False,False,False,False,False
U0362,meta_only,4563053000.1079530865,GA1.1.4563053000.1079530865,ui_a0ae29efcd,be_804d4ce190,True,False,True,False,False,False
U0363,direct,8603048701.1896266423,GA1.1.8603048701.1896266423,ui_6a92cf82e8,be_280c8250e8,False,False,True,False,False,False
U0364,meta_only,9188990448.1686269852,GA1.1.9188990448.1686269852,ui_0f4c3fb9d7,be_23a17eab92,True,False,True,False,False,False
U0365,direct,1161658918.1814541546,GA1.1.1161658918.1814541546,ui_9a2e28cc3c,be_9760ac6bfc,False,False,True,False,False,False
U0366,direct,3377473912.1077298097,GA1.1.3377473912.1077298097,,be_53b5e6f7e5,False,False,True,False,False,False
U0367,both,7173665159.1918899731,GA1.1.7173665159.1918899731,ui_bfa22ab6bc,be_91928f6be2,True,True,True,False,False,False
U0368,meta_only,5725796546.1985322262,GA1.1.5725796546.1985322262,ui_88a3c59475,be_c9005b4c3d,True,False,False,False,False,False
U0369,google_only,3077718803.1185702339,GA1.1.3077718803.1185702339,ui_5f5434fa46,be_5a79532558,False,True,False,False,False,False
U0370,meta_only,7682844583.1766269878,GA1.1.7682844583.1766269878,ui_50b74b6109,ui_50b74b6109,True,False,False,True,True,True
U0371,meta_only,6261403455.1515164216,GA1.1.6261403455.1515164216,ui_b6cef4f3cf,be_aaea35ad82,True,False,False,False,False,False
U0372,google_only,8553898666.1484799743,GA1.1.8553898666.1484799743,,be_a4eb2a5418,False,True,False,False,False,False
U0373,google_only,2902309279.1581648804,GA1.1.2902309279.1581648804,ui_638e64e09f,ui_638e64e09f,False,True,False,True,True,True
U0374,google_only,9877631689.1267327585,GA1.1.9877631689.1267327585,ui_62df6026bc,ui_62df6026bc,False,True,False,True,False,False
U0375,google_only,9431778238.1272053993,GA1.1.9431778238.1272053993,ui_3a85364c7d,ui_3a85364c7d,False,True,False,True,False,False
U0376,meta_only,7225877191.1311309968,GA1.1.7225877191.1311309968,ui_552972a384,be_0308f6db06,True,False,False,True,False,False
U0377,both,4939044429.1428236850,GA1.1.4939044429.1428236850,ui_a37e524257,be_d06f4e847f,True,True,True,False,False,False
U0378,both,1015575511.1776485521,GA1.1.1015575511.1776485521,,be_54689ab0e6,True,True,False,True,True,False
U0379,meta_only,2930724174.1815748444,GA1.1.2930724174.1815748444,,be_6c7e434a54,True,False,False,True,True,True
U0380,meta_only,1956807938.1354290922,GA1.1.1956807938.1354290922,ui_f4c29adfa5,be_66bcc15d02,True,False,False,False,False,False
U0381,meta_only,9852636930.1464788414,GA1.1.9852636930.1464788414,ui_5df33fa605,be_3c92f58837,True,False,False,False,False,False
U0382,direct,1236071705.1247123288,GA1.1.1236071705.1247123288,ui_5103210b55,be_87cf4f02ed,False,False,True,False,False,False
U0383,both,8786828204.1918962941,GA1.1.8786828204.1918962941,ui_58dfc113ff,ui_58dfc113ff,True,True,False,True,True,False
U0384,both,8401163899.1482582934,GA1.1.8401163899.1482582934,ui_d571650acd,ui_d571650acd,True,True,False,True,True,True
U0385,meta_only,8979093169.1325071171,GA1.1.8979093169.1325071171,ui_02fb28d31d,be_31531d18b6,True,False,False,False,False,False
U0386,google_only,9889553782.1111287547,GA1.1.9889553782.1111287547,ui_dda4f51b2a,ui_dda4f51b2a,False,True,False,True,True,True
U0387,direct,7706293552.1832039746,GA1.1.7706293552.1832039746,ui_984410a61f,be_e77c7fc379,False,False,True,False,False,False
U0388,meta_only,4800904984.1474969427,GA1.1.4800904984.1474969427,ui_b60092141f,be_5d643a8abf,True,False,True,False,False,False
U0389,google_only,8782781864.1594217441,GA1.1.8782781864.1594217441,ui_1bff431ce6,ui_1bff431ce6,False,True,False,True,True,True
U0390,direct,1005185412.1722183660,GA1.1.1005185412.1722183660,ui_8a3da690af,be_edd73e1441,False,False,True,False,False,False
U0391,meta_only,9891472594.1148716328,GA1.1.9891472594.1148716328,ui_1f8e031b64,be_71af30341a,True,False,False,False,False,False
U0392,direct,1498846659.1331904599,GA1.1.1498846659.1331904599,ui_304985715b,be_9abceb2779,False,False,True,False,False,False
U0393,meta_only,8429157392.1418945592,GA1.1.8429157392.1418945592,,be_712b6b3381,True,False,False,False,False,False
U0394,google_only,1444142885.1391666512,GA1.1.1444142885.1391666512,,be_4d300063b8,False,True,False,False,False,False
U0395,direct,4077215032.1526194403,GA1.1.4077215032.1526194403,ui_6ea52b55a0,be_fe01484262,False,False,True,False,False,False
U0396,direct,2384005098.1164863105,GA1.1.2384005098.1164863105,ui_80eaaea37c,be_9fc2f09db3,False,False,True,False,False,False
U0397,meta_only,8198628470.1009931839,GA1.1.8198628470.1009931839,ui_d444f66470,ui_d444f66470,True,False,False,True,False,False
U0398,both,3311993357.1431500275,GA1.1.3311993357.1431500275,ui_178034fc8c,ui_178034fc8c,True,True,False,True,False,False
U0399,google_only,4876224572.1795077453,GA1.1.4876224572.1795077453,ui_3d9a9d97ae,be_beed387885,False,True,False,False,False,False
U0400,meta_only,6769686489.1702433477,GA1.1.6769686489.1702433477,ui_cdf16eb39e,be_395ab90cb9,True,False,False,False,False,False
U0401,both,6230892252.1626923721,GA1.1.6230892252.1626923721,ui_3b84339928,be_a021f2dc52,True,True,False,False,False,False
U0402,google_only,1219279989.1437968479,GA1.1.1219279989.1437968479,ui_507c9ae3a7,be_d3b0a602b3,False,True,False,False,False,False
U0403,google_only,9907271295.1696915811,GA1.1.9907271295.1696915811,ui_3a3bd1996a,be_2050126de2,False,True,False,False,False,False
U0404,direct,7404095140.1014109978,GA1.1.7404095140.1014109978,,be_b06d42aef2,False,False,True,True,True,False
U0405,meta_only,5437884022.1415744842,GA1.1.5437884022.1415744842,ui_68c1da6ff9,ui_68c1da6ff9,True,False,False,True,True,False
U0406,google_only,3897304475.1665831649,GA1.1.3897304475.1665831649,,be_7ec7aaad53,False,True,False,False,False,False
U0407,both,7216057509.1572919866,GA1.1.7216057509.1572919866,ui_a6ed571c4a,be_c89684900f,True,True,False,False,False,False
U0408,meta_only,7613529728.1479808455,GA1.1.7613529728.1479808455,ui_02371beafe,be_16778c52d2,True,False,False,False,False,False
U0409,meta_only,3589051882.1119056404,GA1.1.3589051882.1119056404,ui_4f4496c51e,be_f6c22ed0f7,True,False,False,False,False,False
U0410,both,5356540980.1584685474,GA1.1.5356540980.1584685474,,be_87c061b498,True,True,False,True,True,True
U0411,meta_only,4915291180.1335192627,GA1.1.4915291180.1335192627,ui_c0b25469ca,be_fcefa4178d,True,False,False,False,False,False
U0412,google_only,7936200936.1335851135,GA1.1.7936200936.1335851135,ui_9df606a931,be_f0d38b3f7d,False,True,False,False,False,False
U0413,meta_only,9421204091.1365745031,GA1.1.9421204091.1365745031,ui_955e5ab69a,be_745ede89fb,True,False,False,False,False,False
U0414,direct,8425061357.1733582557,GA1.1.8425061357.1733582557,,be_ecb4f0b9f6,False,False,True,True,False,False
U0415,direct,5197875893.1281305450,GA1.1.5197875893.1281305450,ui_b739a62781,be_742c2c9eb8,False,False,True,False,False,False
U0416,both,1147617239.1663646603,GA1.1.1147617239.1663646603,ui_98ab9a453d,ui_98ab9a453d,True,True,False,True,True,False
U0417,direct,9703442016.1532014820,GA1.1.9703442016.1532014820,,be_1a8324dc6e,False,False,True,False,False,False
U0418,direct,1734866816.1502640345,GA1.1.1734866816.1502640345,ui_bd72d58ba8,be_545d3cefcf,False,False,True,False,False,False
U0419,meta_only,8346261022.1209865050,GA1.1.8346261022.1209865050,ui_9a23043454,be_6c8bf46710,True,False,False,False,False,False
U0420,google_only,9202386368.1188387941,GA1.1.9202386368.1188387941,ui_8384dcd37f,be_c3eaa5fd56,False,True,False,False,False,False
U0421,both,6186857522.1856676884,GA1.1.6186857522.1856676884,ui_8adf5a7f94,be_c91ae013cc,True,True,False,False,False,False
U0422,google_only,6745982868.1434903775,GA1.1.6745982868.1434903775,,be_b3ddcf44bd,False,True,False,False,False,False
U0423,both,9418711045.1040285915,GA1.1.9418711045.1040285915,ui_891b0b1f14,ui_891b0b1f14,True,True,False,True,True,True
U0424,both,8724255393.1722840441,GA1.1.8724255393.1722840441,,be_6766a1921f,True,True,False,True,False,False
U0425,google_only,8327302343.1329813964,GA1.1.8327302343.1329813964,ui_d25a839245,ui_d25a839245,False,True,False,True,True,True
U0426,both,2241376005.1215889329,GA1.1.2241376005.1215889329,ui_5c45ca3783,be_0b1abff66a,True,True,False,False,False,False
U0427,meta_only,8351005928.1140411008,GA1.1.8351005928.1140411008,ui_9a65f87c47,ui_9a65f87c47,True,False,True,True,True,True
U0428,meta_only,1190758672.1845924837,GA1.1.1190758672.1845924837,,be_183328ba0d,True,False,False,False,False,False
U0429,meta_only,2881290982.1538660117,GA1.1.2881290982.1538660117,ui_a1004f932d,be_f8bce57e16,True,False,False,False,False,False
U0430,meta_only,8860507968.1078847053,GA1.1.8860507968.1078847053,ui_71180a8ea2,be_aa3ade325d,True,False,False,False,False,False
U0431,google_only,4301452587.1271842001,GA1.1.4301452587.1271842001,ui_c60819e4c8,be_3654e069cb,False,True,False,False,False,False
U0432,meta_only,1838597082.1102785243,GA1.1.1838597082.1102785243,ui_d42f674be5,be_e2ca2cf1c6,True,False,False,False,False,False
U0433,meta_only,4569729103.1000738375,GA1.1.4569729103.1000738375,ui_b899e71f0c,ui_b899e71f0c,True,False,False,True,False,False
U0434,both,7729621392.1161709601,GA1.1.7729621392.1161709601,,be_26f89cca57,True,True,True,False,False,False
U0435,meta_only,1917119613.1639047308,GA1.1.1917119613.1639047308,ui_d11d3dece2,ui_d11d3dece2,True,False,False,True,True,True
U0436,both,1664238631.1929276382,GA1.1.1664238631.1929276382,,be_ca29ed8d87,True,True,False,True,True,True
U0437,meta_only,5153308001.1330516721,GA1.1.5153308001.1330516721,ui_b649c4900b,be_f1ece4794a,True,False,False,False,False,False
U0438,meta_only,8224238555.1663639560,GA1.1.8224238555.1663639560,ui_c7015a1fa3,be_bd0f658bda,True,False,False,True,False,False
U0439,google_only,7953640094.1879678856,GA1.1.7953640094.1879678856,ui_4715ab4745,be_0a4c3790ba,False,True,False,False,False,False
U0440,both,9595552216.1944797464,GA1.1.9595552216.1944797464,ui_2f401ce68d,be_793ee7a4fc,True,True,True,False,False,False
U0441,google_only,6100717104.1495768852,GA1.1.6100717104.1495768852,ui_99ff1b3e7e,ui_99ff1b3e7e,False,True,True,True,True,False
U0442,meta_only,3787320438.1965221869,GA1.1.3787320438.1965221869,ui_fa6309ee5f,be_5ff099c4c0,True,False,True,False,False,False
U0443,meta_only,5940762586.1892309199,GA1.1.5940762586.1892309199,ui_a581d87d38,ui_a581d87d38,True,False,False,True,False,False
U0444,meta_only,6461091279.1616782983,GA1.1.6461091279.1616782983,,be_5e137dbc39,True,False,False,False,False,False
U0445,direct,5956555531.1390856727,GA1.1.5956555531.1390856727,ui_502779c612,be_c2275cfdfb,False,False,True,False,False,False
U0446,meta_only,5534979362.1303780539,GA1.1.5534979362.1303780539,,be_5345fe5621,True,False,False,True,True,True
U0447,both,8027775577.1557014275,GA1.1.8027775577.1557014275,ui_af8984f8c6,be_76b4d20381,True,True,True,False,False,False
U0448,meta_only,4879712290.1243263101,GA1.1.4879712290.1243263101,ui_3bc06b36eb,ui_3bc06b36eb,True,False,False,True,True,True
U0449,direct,9285543397.1965339837,GA1.1.9285543397.1965339837,ui_b3dab04380,be_0fc91d0521,False,False,True,False,False,False
U0450,direct,7040567414.1663716959,GA1.1.7040567414.1663716959,ui_520296fc3e,ui_520296fc3e,False,False,True,True,True,False
U0451,meta_only,6371057220.1349892997,GA1.1.6371057220.1349892997,ui_27203a7075,be_0e5bda6760,True,False,False,False,False,False
U0452,google_only,1975825735.1158812489,GA1.1.1975825735.1158812489,ui_64bcaab920,ui_64bcaab920,False,True,False,True,False,False
U0453,both,3354484864.1265588669,GA1.1.3354484864.1265588669,ui_19f6a09db0,ui_19f6a09db0,True,True,False,True,True,True
U0454,both,1192774393.1532564240,GA1.1.1192774393.1532564240,ui_6beb675121,be_b47f795fea,True,True,False,False,False,False
U0455,direct,8919888996.1401065836,GA1.1.8919888996.1401065836,,be_a057abc973,False,False,True,False,False,False
U0456,meta_only,3987868955.1073776438,GA1.1.3987868955.1073776438,ui_709e7040c6,be_b5af293966,True,False,False,False,False,False
U0457,direct,3723700483.1108174615,GA1.1.3723700483.1108174615,ui_b0376add4e,ui_b0376add4e,False,False,True,True,False,False
U0458,google_only,9802910709.1710807561,GA1.1.9802910709.1710807561,ui_0ce8f09c13,be_24c12e2a76,False,True,False,False,False,False
U0459,both,3944516695.1698372266,GA1.1.3944516695.1698372266,ui_9e41101dfb,ui_9e41101dfb,True,True,False,True,True,False
U0460,google_only,1222303373.1258881277,GA1.1.1222303373.1258881277,,be_be51bdcb7e,False,True,False,False,False,False
U0461,google_only,5386629373.1949874067,GA1.1.5386629373.1949874067,,be_e4a3e7a195,False,True,False,False,False,False
U0462,both,8781907947.1979201792,GA1.1.8781907947.1979201792,ui_1c445b2551,ui_1c445b2551,True,True,False,True,True,True
U0463,direct,1191265176.1072716246,GA1.1.1191265176.1072716246,ui_4b0108f1a7,be_7c3c497e0a,False,False,True,False,False,False
U0464,google_only,4110573421.1329409906,GA1.1.4110573421.1329409906,ui_16100d0043,ui_16100d0043,False,True,False,True,False,False
U0465,meta_only,3909135102.1266261199,GA1.1.3909135102.1266261199,ui_c575539c85,be_ab0ed9c97a,True,False,False,False,False,False
U0466,meta_only,6441637953.1815314833,GA1.1.6441637953.1815314833,,be_f8967fd8ce,True,False,False,True,False,False
U0467,meta_only,8127098897.1829656484,GA1.1.8127098897.1829656484,ui_fda4caca0c,be_3fc79be94d,True,False,False,False,False,False
U0468,both,8253451457.1225469608,GA1.1.8253451457.1225469608,ui_5ea315119e,be_026736900d,True,True,False,False,False,False
U0469,meta_only,6187859601.1496752722,GA1.1.6187859601.1496752722,ui_cd8eda6920,be_d025c53616,True,False,False,False,False,False
U0470,direct,6422668648.1994774621,GA1.1.6422668648.1994774621,ui_9b59dbe2bb,be_7dadc713de,False,False,True,False,False,False
U0471,google_only,7338499924.1109910401,GA1.1.7338499924.1109910401,ui_e40af4e551,be_8311002d2b,False,True,True,False,False,False
U0472,google_only,3133389082.1387827170,GA1.1.3133389082.1387827170,,be_710288170c,False,True,True,False,False,False
U0473,google_only,1103159659.1476421225,GA1.1.1103159659.1476421225,ui_875b758f05,be_c409e23646,False,True,False,False,False,False
U0474,both,9361930353.1572195337,GA1.1.9361930353.1572195337,ui_41c0ae726f,be_89a79570f4,True,True,False,False,False,False
U0475,meta_only,7509378369.1465663550,GA1.1.7509378369.1465663550,ui_89af7b7fbc,be_6046dc37fc,True,False,False,False,False,False
U0476,both,5567782929.1116852164,GA1.1.5567782929.1116852164,ui_9823491233,be_dd8de1907d,True,True,False,False,False,False
U0477,meta_only,7541536732.1343363918,GA1.1.7541536732.1343363918,ui_b591139e5b,be_85efe38b13,True,False,False,False,False,False
U0478,meta_only,3542239124.1422339554,GA1.1.3542239124.1422339554,ui_a82851f769,be_e0d0aedd90,True,False,False,True,False,False
U0479,both,4724249849.1197671965,GA1.1.4724249849.1197671965,ui_dae97244c1,be_07a2ab3ec7,True,True,False,True,True,False
U0480,both,9246699748.1989711554,GA1.1.9246699748.1989711554,ui_a193850000,be_6a28da7756,True,True,False,False,False,False
U0481,both,2172593939.1305737448,GA1.1.2172593939.1305737448,ui_632d01c292,ui_632d01c292,True,True,False,True,False,False
U0482,both,2700186847.1539183211,GA1.1.2700186847.1539183211,ui_6b887ff44e,ui_6b887ff44e,True,True,False,True,True,True
U0483,both,2650901331.1387562770,GA1.1.2650901331.1387562770,ui_de1169b2fb,be_26a1c6816e,True,True,False,False,False,False
U0484,meta_only,8165265469.1291538647,GA1.1.8165265469.1291538647,ui_fd9e8fa1ec,be_40b944af8a,True,False,False,False,False,False
U0485,meta_only,6611046762.1080639531,GA1.1.6611046762.1080639531,,be_7fc0ea84ff,True,False,False,False,False,False
U0486,both,2819726063.1766509285,GA1.1.2819726063.1766509285,ui_8c442793b6,be_a231b672f7,True,True,False,False,False,False
U0487,meta_only,6958816903.1191161922,GA1.1.6958816903.1191161922,ui_ef2733e9e5,ui_ef2733e9e5,True,False,False,True,False,False
U0488,direct,1038606254.1115406946,GA1.1.1038606254.1115406946,,be_2f10ec2f2e,False,False,True,True,False,False
U0489,direct,2684729247.1688954182,GA1.1.2684729247.1688954182,ui_d2b86b558e,be_59d4fab3c7,False,False,True,False,False,False
U0490,google_only,6192510391.1476288357,GA1.1.6192510391.1476288357,ui_7b1534a104,be_9f5cbd8ca9,False,True,False,True,True,False
U0491,both,7133663124.1942069130,GA1.1.7133663124.1942069130,ui_c64df90038,be_4704191229,True,True,False,False,False,False
U0492,google_only,5895017448.1670296119,GA1.1.5895017448.1670296119,ui_53d8b2b3f1,be_5b1f85c724,False,True,False,False,False,False
U0493,both,9408619469.1544652609,GA1.1.9408619469.1544652609,ui_7c2888c91a,be_d9fd51a59b,True,True,True,False,False,False
U0494,both,7276777761.1966699426,GA1.1.7276777761.1966699426,ui_d74d03634b,be_92a1e5525a,True,True,False,False,False,False
U0495,meta_only,1851249321.1613808290,GA1.1.1851249321.1613808290,ui_3570b6ef25,ui_3570b6ef25,True,False,False,True,False,False
U0496,meta_only,8898671501.1086826621,GA1.1.8898671501.1086826621,ui_8c03f0ddab,be_5a6215efdb,True,False,False,False,False,False
U0497,google_only,3957064149.1715428448,GA1.1.3957064149.1715428448,ui_a245d7b6d9,ui_a245d7b6d9,False,True,False,True,True,False
U0498,both,1805341148.1223646521,GA1.1.1805341148.1223646521,ui_abcfcc601c,be_1a06853088,True,True,False,False,False,False
U0499,both,5152892824.1771678648,GA1.1.5152892824.1771678648,ui_c8880231fc,ui_c8880231fc,True,True,False,True,False,False
U0500,google_only,9477295008.1590679656,GA1.1.9477295008.1590679656,ui_74b38862ca,be_addb2c3201,False,True,True,False,False,False
